imputation_id;vaccine;sex;age_group;cov;var;imputation_method
1;Comirnaty;F;12-17;13890683;7067979.972;multiple imputation
1;Comirnaty;F;18-24;17102404;11835803.04;multiple imputation
1;Comirnaty;F;25-29;12435376;11688362.62;multiple imputation
1;Comirnaty;F;30-39;30737635;26310030.97;multiple imputation
1;Comirnaty;F;40-49;36022821;29880708.02;multiple imputation
1;Comirnaty;F;5-11;110750;110609.672;multiple imputation
1;Comirnaty;F;50-59;36986368;24363456.91;multiple imputation
1;Comirnaty;F;60-69;26518506;17426048.68;multiple imputation
1;Comirnaty;F;70-79;28330348;18714910.46;multiple imputation
1;Comirnaty;F;80+;24461769;14977733.05;multiple imputation
1;Comirnaty;M;12-17;14229905;7068319.818;multiple imputation
1;Comirnaty;M;18-24;16429922;11653151.57;multiple imputation
1;Comirnaty;M;25-29;12527944;11805785.81;multiple imputation
1;Comirnaty;M;30-39;28841440;24850604.48;multiple imputation
1;Comirnaty;M;40-49;34262623;28478038.04;multiple imputation
1;Comirnaty;M;5-11;58584;58610.56024;multiple imputation
1;Comirnaty;M;50-59;36244086;24332502.33;multiple imputation
1;Comirnaty;M;60-69;23655805;16372039.59;multiple imputation
1;Comirnaty;M;70-79;23700714;16761419.14;multiple imputation
1;Comirnaty;M;80+;14509285;10885342.53;multiple imputation
1;Spikevax;F;12-17;924335;479311.6185;multiple imputation
1;Spikevax;F;18-24;3253710;2146674.145;multiple imputation
1;Spikevax;F;25-29;2471465;2282789.12;multiple imputation
1;Spikevax;F;30-39;5324445;4418025.686;multiple imputation
1;Spikevax;F;40-49;5171346;4322699.973;multiple imputation
1;Spikevax;F;5-11;7993;8062.806238;multiple imputation
1;Spikevax;F;50-59;5400519;3502157.144;multiple imputation
1;Spikevax;F;60-69;3569843;2298513.564;multiple imputation
1;Spikevax;F;70-79;3047790;1909041.307;multiple imputation
1;Spikevax;F;80+;2373544;1378194.977;multiple imputation
1;Spikevax;M;12-17;982596;479296.0171;multiple imputation
1;Spikevax;M;18-24;3048854;2014828.644;multiple imputation
1;Spikevax;M;25-29;2493378;2299134.63;multiple imputation
1;Spikevax;M;30-39;5205219;4368053.005;multiple imputation
1;Spikevax;M;40-49;4995813;4217532.183;multiple imputation
1;Spikevax;M;5-11;6006;6126.485336;multiple imputation
1;Spikevax;M;50-59;5792467;3755177.347;multiple imputation
1;Spikevax;M;60-69;3109483;2060679.715;multiple imputation
1;Spikevax;M;70-79;2538686;1726427.25;multiple imputation
1;Spikevax;M;80+;1269132;877635.5399;multiple imputation
1;Vaxzevria;F;10-19;266552;233096.7752;multiple imputation
1;Vaxzevria;F;20-29;1545796;1283408.324;multiple imputation
1;Vaxzevria;F;30-39;2517504;2115145.525;multiple imputation
1;Vaxzevria;F;40-49;3916693;3007714.188;multiple imputation
1;Vaxzevria;F;50-59;4743586;3029887.298;multiple imputation
1;Vaxzevria;F;60-69;12918095;7814013.536;multiple imputation
1;Vaxzevria;F;70-79;5425587;3397432.276;multiple imputation
1;Vaxzevria;F;80+;1166947;794059.3659;multiple imputation
1;Vaxzevria;M;10-19;198433;182204.7679;multiple imputation
1;Vaxzevria;M;20-29;1080156;966905.6157;multiple imputation
1;Vaxzevria;M;30-39;2372535;2065791.505;multiple imputation
1;Vaxzevria;M;40-49;3047303;2451037.452;multiple imputation
1;Vaxzevria;M;50-59;4460386;2993867.315;multiple imputation
1;Vaxzevria;M;60-69;13133464;7895880.915;multiple imputation
1;Vaxzevria;M;70-79;5079719;3230081.404;multiple imputation
1;Vaxzevria;M;80+;726072;531114.5168;multiple imputation
2;Comirnaty;F;12-17;13838478;7067453.471;multiple imputation
2;Comirnaty;F;18-24;16903011;11585024.49;multiple imputation
2;Comirnaty;F;25-29;12287227;11497923.17;multiple imputation
2;Comirnaty;F;30-39;29767996;25286108.52;multiple imputation
2;Comirnaty;F;40-49;36570801;30021133.46;multiple imputation
2;Comirnaty;F;5-11;88561;88257.45507;multiple imputation
2;Comirnaty;F;50-59;36619659;23953786.72;multiple imputation
2;Comirnaty;F;60-69;26480808;17296990.13;multiple imputation
2;Comirnaty;F;70-79;28462201;18712851.86;multiple imputation
2;Comirnaty;F;80+;24429935;14868841.53;multiple imputation
2;Comirnaty;M;12-17;14228390;7071594.068;multiple imputation
2;Comirnaty;M;18-24;16425403;11576622.92;multiple imputation
2;Comirnaty;M;25-29;12636321;11805256.73;multiple imputation
2;Comirnaty;M;30-39;28841309;24625143.09;multiple imputation
2;Comirnaty;M;40-49;35193459;29071677.18;multiple imputation
2;Comirnaty;M;5-11;139302;138245.4586;multiple imputation
2;Comirnaty;M;50-59;36344634;24284312.89;multiple imputation
2;Comirnaty;M;60-69;23575765;16220270.06;multiple imputation
2;Comirnaty;M;70-79;23832689;16776839.01;multiple imputation
2;Comirnaty;M;80+;14395828;10725286.25;multiple imputation
2;Spikevax;F;12-17;931824;479682.7089;multiple imputation
2;Spikevax;F;18-24;3094037;2062745.706;multiple imputation
2;Spikevax;F;25-29;2503058;2344245.394;multiple imputation
2;Spikevax;F;30-39;5400820;4565605.951;multiple imputation
2;Spikevax;F;40-49;5149131;4391184.578;multiple imputation
2;Spikevax;F;5-11;2862;2916.754625;multiple imputation
2;Spikevax;F;50-59;5382359;3586103.243;multiple imputation
2;Spikevax;F;60-69;3555144;2350504.008;multiple imputation
2;Spikevax;F;70-79;3126175;2039551.859;multiple imputation
2;Spikevax;F;80+;2286271;1342428.471;multiple imputation
2;Spikevax;M;12-17;977308;479016.2028;multiple imputation
2;Spikevax;M;18-24;3020653;2046853.739;multiple imputation
2;Spikevax;M;25-29;2343510;2201987.133;multiple imputation
2;Spikevax;M;30-39;5077728;4335501.576;multiple imputation
2;Spikevax;M;40-49;5221894;4447373.954;multiple imputation
2;Spikevax;M;5-11;9330;9521.972814;multiple imputation
2;Spikevax;M;50-59;5662000;3750934.594;multiple imputation
2;Spikevax;M;60-69;3139669;2139118.802;multiple imputation
2;Spikevax;M;70-79;2641911;1867723.843;multiple imputation
2;Spikevax;M;80+;1461334;1079218.674;multiple imputation
2;Vaxzevria;F;10-19;260066;230416.4239;multiple imputation
2;Vaxzevria;F;20-29;1806948;1553300.717;multiple imputation
2;Vaxzevria;F;30-39;2571567;2187049.58;multiple imputation
2;Vaxzevria;F;40-49;3948990;3068061.243;multiple imputation
2;Vaxzevria;F;50-59;4691031;3016833.912;multiple imputation
2;Vaxzevria;F;60-69;13320601;8095964.902;multiple imputation
2;Vaxzevria;F;70-79;5312991;3337272.474;multiple imputation
2;Vaxzevria;F;80+;1030866;675283.6308;multiple imputation
2;Vaxzevria;M;10-19;149075;135249.7575;multiple imputation
2;Vaxzevria;M;20-29;1057189;955889.955;multiple imputation
2;Vaxzevria;M;30-39;2091636;1828730.119;multiple imputation
2;Vaxzevria;M;40-49;3015099;2502706.694;multiple imputation
2;Vaxzevria;M;50-59;4369935;2955935.459;multiple imputation
2;Vaxzevria;M;60-69;13298616;8047057.14;multiple imputation
2;Vaxzevria;M;70-79;4974937;3171722.2;multiple imputation
2;Vaxzevria;M;80+;699300;510230.9456;multiple imputation
3;Comirnaty;F;12-17;13931096;7068255.721;multiple imputation
3;Comirnaty;F;18-24;17304462;11939125.18;multiple imputation
3;Comirnaty;F;25-29;12016984;11233493.81;multiple imputation
3;Comirnaty;F;30-39;30472591;25890118.21;multiple imputation
3;Comirnaty;F;40-49;35633989;29344582.09;multiple imputation
3;Comirnaty;F;5-11;136537;136663.7828;multiple imputation
3;Comirnaty;F;50-59;37638505;24770090.23;multiple imputation
3;Comirnaty;F;60-69;27252551;17965343.37;multiple imputation
3;Comirnaty;F;70-79;27588073;17967937.8;multiple imputation
3;Comirnaty;F;80+;23157767;13755770.72;multiple imputation
3;Comirnaty;M;12-17;14138469;7069285.662;multiple imputation
3;Comirnaty;M;18-24;16279429;11439991.2;multiple imputation
3;Comirnaty;M;25-29;12509011;11676482.75;multiple imputation
3;Comirnaty;M;30-39;29217696;24958097.49;multiple imputation
3;Comirnaty;M;40-49;35126993;28955359.14;multiple imputation
3;Comirnaty;M;5-11;86518;86656.07595;multiple imputation
3;Comirnaty;M;50-59;36179390;24152352.2;multiple imputation
3;Comirnaty;M;60-69;23209043;15896428.46;multiple imputation
3;Comirnaty;M;70-79;24231233;17126728.69;multiple imputation
3;Comirnaty;M;80+;14949329;11239794.82;multiple imputation
3;Spikevax;F;12-17;922568;478211.9094;multiple imputation
3;Spikevax;F;18-24;3112424;2048465.843;multiple imputation
3;Spikevax;F;25-29;2412111;2221687.518;multiple imputation
3;Spikevax;F;30-39;5166717;4270430.175;multiple imputation
3;Spikevax;F;40-49;5241666;4399538.524;multiple imputation
3;Spikevax;F;5-11;3524;3602.332715;multiple imputation
3;Spikevax;F;50-59;5612993;3714719.85;multiple imputation
3;Spikevax;F;60-69;3344207;2126078.85;multiple imputation
3;Spikevax;F;70-79;3029956;1920038.731;multiple imputation
3;Spikevax;F;80+;2227653;1265825.539;multiple imputation
3;Spikevax;M;12-17;985870;479903.2238;multiple imputation
3;Spikevax;M;18-24;3001277;1995749.419;multiple imputation
3;Spikevax;M;25-29;2499458;2311958.616;multiple imputation
3;Spikevax;M;30-39;5310760;4434102.057;multiple imputation
3;Spikevax;M;40-49;5165130;4331384.094;multiple imputation
3;Spikevax;M;5-11;10231;10131.71703;multiple imputation
3;Spikevax;M;50-59;5560207;3612938.734;multiple imputation
3;Spikevax;M;60-69;3266394;2222319.447;multiple imputation
3;Spikevax;M;70-79;2705368;1896182.823;multiple imputation
3;Spikevax;M;80+;1409373;1016893.458;multiple imputation
3;Vaxzevria;F;10-19;235583;208630.4686;multiple imputation
3;Vaxzevria;F;20-29;1684701;1451752.238;multiple imputation
3;Vaxzevria;F;30-39;2502647;2156914.003;multiple imputation
3;Vaxzevria;F;40-49;3986651;3157726.126;multiple imputation
3;Vaxzevria;F;50-59;4609610;2939286.433;multiple imputation
3;Vaxzevria;F;60-69;13155047;8001760.245;multiple imputation
3;Vaxzevria;F;70-79;5163969;3208751.544;multiple imputation
3;Vaxzevria;F;80+;1110447;751979.2101;multiple imputation
3;Vaxzevria;M;10-19;119810;104444.5576;multiple imputation
3;Vaxzevria;M;20-29;986064;894472.5734;multiple imputation
3;Vaxzevria;M;30-39;2379790;2102372.443;multiple imputation
3;Vaxzevria;M;40-49;2937228;2459957.351;multiple imputation
3;Vaxzevria;M;50-59;4443816;3014034.43;multiple imputation
3;Vaxzevria;M;60-69;13357535;8069096.714;multiple imputation
3;Vaxzevria;M;70-79;5078873;3257380.965;multiple imputation
3;Vaxzevria;M;80+;847061;656915.3387;multiple imputation
4;Comirnaty;F;12-17;13689372;7061113.791;multiple imputation
4;Comirnaty;F;18-24;17258822;11847259.43;multiple imputation
4;Comirnaty;F;25-29;12564994;11661938.29;multiple imputation
4;Comirnaty;F;30-39;29731425;25180681.42;multiple imputation
4;Comirnaty;F;40-49;36947418;30177043.03;multiple imputation
4;Comirnaty;F;5-11;99198;97963.84175;multiple imputation
4;Comirnaty;F;50-59;37902806;24891841.94;multiple imputation
4;Comirnaty;F;60-69;26660080;17387651.38;multiple imputation
4;Comirnaty;F;70-79;27481399;17813471.1;multiple imputation
4;Comirnaty;F;80+;23980340;14411476.24;multiple imputation
4;Comirnaty;M;12-17;14449259;7069675.653;multiple imputation
4;Comirnaty;M;18-24;15965465;11113208.47;multiple imputation
4;Comirnaty;M;25-29;12093238;11261597.39;multiple imputation
4;Comirnaty;M;30-39;29386677;25015084.55;multiple imputation
4;Comirnaty;M;40-49;34734937;28579049.66;multiple imputation
4;Comirnaty;M;5-11;55640;55430.92873;multiple imputation
4;Comirnaty;M;50-59;36476120;24314674.02;multiple imputation
4;Comirnaty;M;60-69;23398587;15999072.01;multiple imputation
4;Comirnaty;M;70-79;23229355;16193762.95;multiple imputation
4;Comirnaty;M;80+;14955383;11199530.12;multiple imputation
4;Spikevax;F;12-17;947861;478038.6147;multiple imputation
4;Spikevax;F;18-24;3076000;2011497.86;multiple imputation
4;Spikevax;F;25-29;2352945;2179138.5;multiple imputation
4;Spikevax;F;30-39;5278990;4391396.104;multiple imputation
4;Spikevax;F;40-49;5298634;4406852.38;multiple imputation
4;Spikevax;F;5-11;396;402.5624661;multiple imputation
4;Spikevax;F;50-59;5540370;3635254.653;multiple imputation
4;Spikevax;F;60-69;3452932;2221040.6;multiple imputation
4;Spikevax;F;70-79;3013072;1898886.119;multiple imputation
4;Spikevax;F;80+;2396455;1413195.984;multiple imputation
4;Spikevax;M;12-17;971718;479100.9752;multiple imputation
4;Spikevax;M;18-24;3063618;2047233.025;multiple imputation
4;Spikevax;M;25-29;2219390;2056168.202;multiple imputation
4;Spikevax;M;30-39;5398957;4510273.878;multiple imputation
4;Spikevax;M;40-49;5081140;4266973.211;multiple imputation
4;Spikevax;M;5-11;2020;1951.932924;multiple imputation
4;Spikevax;M;50-59;5765462;3763830.706;multiple imputation
4;Spikevax;M;60-69;3190668;2152301.068;multiple imputation
4;Spikevax;M;70-79;2599424;1790460.787;multiple imputation
4;Spikevax;M;80+;1337637;949375.252;multiple imputation
4;Vaxzevria;F;10-19;207871;177645.0879;multiple imputation
4;Vaxzevria;F;20-29;1565143;1327642.274;multiple imputation
4;Vaxzevria;F;30-39;2704830;2303673.506;multiple imputation
4;Vaxzevria;F;40-49;3937691;3053432.816;multiple imputation
4;Vaxzevria;F;50-59;4685995;2993543.495;multiple imputation
4;Vaxzevria;F;60-69;13148213;7969642.164;multiple imputation
4;Vaxzevria;F;70-79;5197965;3218790.369;multiple imputation
4;Vaxzevria;F;80+;1128185;762649.1043;multiple imputation
4;Vaxzevria;M;10-19;233840;220561.9036;multiple imputation
4;Vaxzevria;M;20-29;1057336;957142.7548;multiple imputation
4;Vaxzevria;M;30-39;2111818;1849604.144;multiple imputation
4;Vaxzevria;M;40-49;3139493;2591072.474;multiple imputation
4;Vaxzevria;M;50-59;4342418;2916176.511;multiple imputation
4;Vaxzevria;M;60-69;13397040;8058365.447;multiple imputation
4;Vaxzevria;M;70-79;4998757;3172499.261;multiple imputation
4;Vaxzevria;M;80+;742240;550061.9894;multiple imputation
5;Comirnaty;F;12-17;13756746;7065244.825;multiple imputation
5;Comirnaty;F;18-24;17646634;12323855.58;multiple imputation
5;Comirnaty;F;25-29;12254698;11542286.77;multiple imputation
5;Comirnaty;F;30-39;30079901;25845589.13;multiple imputation
5;Comirnaty;F;40-49;36225347;29873606.45;multiple imputation
5;Comirnaty;F;5-11;107501;107055.7086;multiple imputation
5;Comirnaty;F;50-59;37349122;24655234.05;multiple imputation
5;Comirnaty;F;60-69;26125557;17076398.58;multiple imputation
5;Comirnaty;F;70-79;27992975;18414172.86;multiple imputation
5;Comirnaty;F;80+;23378742;14029632.13;multiple imputation
5;Comirnaty;M;12-17;14325281;7070338.119;multiple imputation
5;Comirnaty;M;18-24;16268506;11492864.67;multiple imputation
5;Comirnaty;M;25-29;12827365;12050299.11;multiple imputation
5;Comirnaty;M;30-39;28965583;24825988.9;multiple imputation
5;Comirnaty;M;40-49;35657780;29683546.01;multiple imputation
5;Comirnaty;M;5-11;106888;106194.5926;multiple imputation
5;Comirnaty;M;50-59;36275471;24347917.07;multiple imputation
5;Comirnaty;M;60-69;22692482;15504133.01;multiple imputation
5;Comirnaty;M;70-79;24532917;17470944.08;multiple imputation
5;Comirnaty;M;80+;14493966;10863953.43;multiple imputation
5;Spikevax;F;12-17;922351;478626.3008;multiple imputation
5;Spikevax;F;18-24;3273210;2208517.386;multiple imputation
5;Spikevax;F;25-29;2546679;2333032.536;multiple imputation
5;Spikevax;F;30-39;5155849;4287020.713;multiple imputation
5;Spikevax;F;40-49;5154980;4317746.137;multiple imputation
5;Spikevax;F;5-11;8127;7815.5638;multiple imputation
5;Spikevax;F;50-59;5594886;3729417.7;multiple imputation
5;Spikevax;F;60-69;3509021;2289875.781;multiple imputation
5;Spikevax;F;70-79;3108892;2004713.713;multiple imputation
5;Spikevax;F;80+;2271055;1317177.202;multiple imputation
5;Spikevax;M;12-17;985593;480306.7822;multiple imputation
5;Spikevax;M;18-24;3016583;2026377.307;multiple imputation
5;Spikevax;M;25-29;2447750;2258879.532;multiple imputation
5;Spikevax;M;30-39;5087011;4242339.307;multiple imputation
5;Spikevax;M;40-49;5118451;4280822.91;multiple imputation
5;Spikevax;M;5-11;5774;5651.754677;multiple imputation
5;Spikevax;M;50-59;5677830;3732466.368;multiple imputation
5;Spikevax;M;60-69;3061621;2051669.803;multiple imputation
5;Spikevax;M;70-79;2554147;1770666.296;multiple imputation
5;Spikevax;M;80+;1487729;1099589.781;multiple imputation
5;Vaxzevria;F;10-19;228614;200280.4693;multiple imputation
5;Vaxzevria;F;20-29;1647833;1365895.01;multiple imputation
5;Vaxzevria;F;30-39;2615517;2181339.843;multiple imputation
5;Vaxzevria;F;40-49;3750755;2892786.106;multiple imputation
5;Vaxzevria;F;50-59;4536168;2864274.239;multiple imputation
5;Vaxzevria;F;60-69;13167280;7965531.18;multiple imputation
5;Vaxzevria;F;70-79;5370227;3360218.388;multiple imputation
5;Vaxzevria;F;80+;1087098;723118.088;multiple imputation
5;Vaxzevria;M;10-19;134788;122689.3989;multiple imputation
5;Vaxzevria;M;20-29;1077223;962791.668;multiple imputation
5;Vaxzevria;M;30-39;2232365;1935011.522;multiple imputation
5;Vaxzevria;M;40-49;3051155;2466710.322;multiple imputation
5;Vaxzevria;M;50-59;4274395;2848268.389;multiple imputation
5;Vaxzevria;M;60-69;13390004;8050021.371;multiple imputation
5;Vaxzevria;M;70-79;5157132;3303065.955;multiple imputation
5;Vaxzevria;M;80+;878291;679094.0893;multiple imputation
6;Comirnaty;F;12-17;13866116;7069307.89;multiple imputation
6;Comirnaty;F;18-24;16995498;11620839.7;multiple imputation
6;Comirnaty;F;25-29;12854284;11955030.71;multiple imputation
6;Comirnaty;F;30-39;29795976;25335959.19;multiple imputation
6;Comirnaty;F;40-49;36719665;30069225.45;multiple imputation
6;Comirnaty;F;5-11;53220;53129.67369;multiple imputation
6;Comirnaty;F;50-59;37289074;24404269.07;multiple imputation
6;Comirnaty;F;60-69;26474331;17238778.17;multiple imputation
6;Comirnaty;F;70-79;27459817;17798842.43;multiple imputation
6;Comirnaty;F;80+;23288451;13807430.27;multiple imputation
6;Comirnaty;M;12-17;14264118;7067575.891;multiple imputation
6;Comirnaty;M;18-24;16856484;11904790.09;multiple imputation
6;Comirnaty;M;25-29;11297217;10553755.38;multiple imputation
6;Comirnaty;M;30-39;28848046;24603186.7;multiple imputation
6;Comirnaty;M;40-49;36025399;29589772.88;multiple imputation
6;Comirnaty;M;5-11;108427;108104.2637;multiple imputation
6;Comirnaty;M;50-59;35947605;23888689.49;multiple imputation
6;Comirnaty;M;60-69;24399545;16881768.64;multiple imputation
6;Comirnaty;M;70-79;23565401;16487711.75;multiple imputation
6;Comirnaty;M;80+;14950253;11201960.94;multiple imputation
6;Spikevax;F;12-17;929924;479572.8676;multiple imputation
6;Spikevax;F;18-24;3223496;2159992.407;multiple imputation
6;Spikevax;F;25-29;2525902;2347893.284;multiple imputation
6;Spikevax;F;30-39;5359148;4487720.963;multiple imputation
6;Spikevax;F;40-49;5197525;4402161.41;multiple imputation
6;Spikevax;F;5-11;10055;10506.55188;multiple imputation
6;Spikevax;F;50-59;5395231;3557694.088;multiple imputation
6;Spikevax;F;60-69;3400380;2185344.146;multiple imputation
6;Spikevax;F;70-79;3074493;1970648.144;multiple imputation
6;Spikevax;F;80+;2356018;1389665.316;multiple imputation
6;Spikevax;M;12-17;970261;479440.6085;multiple imputation
6;Spikevax;M;18-24;3010056;2016208.358;multiple imputation
6;Spikevax;M;25-29;2357837;2203116.634;multiple imputation
6;Spikevax;M;30-39;5213774;4392213.423;multiple imputation
6;Spikevax;M;40-49;5025318;4278374.977;multiple imputation
6;Spikevax;M;5-11;11427;11650.70008;multiple imputation
6;Spikevax;M;50-59;5578160;3646110.447;multiple imputation
6;Spikevax;M;60-69;3170302;2149248.596;multiple imputation
6;Spikevax;M;70-79;2681716;1883437.091;multiple imputation
6;Spikevax;M;80+;1496338;1107614.704;multiple imputation
6;Vaxzevria;F;10-19;298617;267731.0475;multiple imputation
6;Vaxzevria;F;20-29;1617586;1363466.688;multiple imputation
6;Vaxzevria;F;30-39;2599347;2200421.795;multiple imputation
6;Vaxzevria;F;40-49;4043044;3116614.926;multiple imputation
6;Vaxzevria;F;50-59;4760262;3082508.503;multiple imputation
6;Vaxzevria;F;60-69;13193667;8045427.359;multiple imputation
6;Vaxzevria;F;70-79;5355265;3377482.903;multiple imputation
6;Vaxzevria;F;80+;1222878;862819.7566;multiple imputation
6;Vaxzevria;M;10-19;175540;163906.142;multiple imputation
6;Vaxzevria;M;20-29;1032579;928097.0276;multiple imputation
6;Vaxzevria;M;30-39;2134981;1863494.02;multiple imputation
6;Vaxzevria;M;40-49;2969264;2433869.785;multiple imputation
6;Vaxzevria;M;50-59;4314753;2913786.524;multiple imputation
6;Vaxzevria;M;60-69;13077789;7946358.128;multiple imputation
6;Vaxzevria;M;70-79;5031320;3231318.838;multiple imputation
6;Vaxzevria;M;80+;771906;583281.5292;multiple imputation
7;Comirnaty;F;12-17;13825806;7069438.394;multiple imputation
7;Comirnaty;F;18-24;16507473;11231735.44;multiple imputation
7;Comirnaty;F;25-29;13733440;12824969.28;multiple imputation
7;Comirnaty;F;30-39;29456262;25161702.59;multiple imputation
7;Comirnaty;F;40-49;36492756;29981107.87;multiple imputation
7;Comirnaty;F;5-11;154008;152912.9023;multiple imputation
7;Comirnaty;F;50-59;36915521;24194217.4;multiple imputation
7;Comirnaty;F;60-69;27183637;17920453.57;multiple imputation
7;Comirnaty;F;70-79;28182451;18479834.67;multiple imputation
7;Comirnaty;F;80+;23434367;14004926.21;multiple imputation
7;Comirnaty;M;12-17;14243307;7069715.165;multiple imputation
7;Comirnaty;M;18-24;16369706;11538928.03;multiple imputation
7;Comirnaty;M;25-29;12656795;11855590.81;multiple imputation
7;Comirnaty;M;30-39;29534613;25294977.94;multiple imputation
7;Comirnaty;M;40-49;33755098;28042765.05;multiple imputation
7;Comirnaty;M;5-11;73815;73195.3986;multiple imputation
7;Comirnaty;M;50-59;35722589;23807200.39;multiple imputation
7;Comirnaty;M;60-69;23591966;16236171.67;multiple imputation
7;Comirnaty;M;70-79;23952442;16895574.91;multiple imputation
7;Comirnaty;M;80+;15277930;11537055;multiple imputation
7;Spikevax;F;12-17;932962;479067.1808;multiple imputation
7;Spikevax;F;18-24;3127156;2068417.864;multiple imputation
7;Spikevax;F;25-29;2411945;2225619.944;multiple imputation
7;Spikevax;F;30-39;5277689;4376241.138;multiple imputation
7;Spikevax;F;40-49;5415921;4497652.495;multiple imputation
7;Spikevax;F;5-11;8467;8092.857436;multiple imputation
7;Spikevax;F;50-59;5527852;3655911.77;multiple imputation
7;Spikevax;F;60-69;3436256;2214890.653;multiple imputation
7;Spikevax;F;70-79;3068876;1960496.319;multiple imputation
7;Spikevax;F;80+;2235931;1272969.711;multiple imputation
7;Spikevax;M;12-17;972634;477926.9361;multiple imputation
7;Spikevax;M;18-24;2998738;1999150.982;multiple imputation
7;Spikevax;M;25-29;2433310;2242940.373;multiple imputation
7;Spikevax;M;30-39;5098532;4285731.6;multiple imputation
7;Spikevax;M;40-49;5201800;4355878.765;multiple imputation
7;Spikevax;M;5-11;8596;8245.22541;multiple imputation
7;Spikevax;M;50-59;5808633;3822155.189;multiple imputation
7;Spikevax;M;60-69;3213080;2181907.491;multiple imputation
7;Spikevax;M;70-79;2374451;1595555.291;multiple imputation
7;Spikevax;M;80+;1435524;1046827.337;multiple imputation
7;Vaxzevria;F;10-19;212733;179318.4587;multiple imputation
7;Vaxzevria;F;20-29;1757875;1512847.871;multiple imputation
7;Vaxzevria;F;30-39;2710202;2296933.486;multiple imputation
7;Vaxzevria;F;40-49;3774119;2934040.849;multiple imputation
7;Vaxzevria;F;50-59;4829765;3156062.245;multiple imputation
7;Vaxzevria;F;60-69;13114601;8023373.036;multiple imputation
7;Vaxzevria;F;70-79;5357774;3394535.867;multiple imputation
7;Vaxzevria;F;80+;1026250;676072.2952;multiple imputation
7;Vaxzevria;M;10-19;153810;139458.8468;multiple imputation
7;Vaxzevria;M;20-29;1088910;987677;multiple imputation
7;Vaxzevria;M;30-39;2127201;1854734.169;multiple imputation
7;Vaxzevria;M;40-49;2979890;2469191.556;multiple imputation
7;Vaxzevria;M;50-59;4314341;2924190.251;multiple imputation
7;Vaxzevria;M;60-69;13271116;8067954.624;multiple imputation
7;Vaxzevria;M;70-79;5044373;3247748.373;multiple imputation
7;Vaxzevria;M;80+;835853;649378.645;multiple imputation
8;Comirnaty;F;12-17;13778650;7057486.76;multiple imputation
8;Comirnaty;F;18-24;17203365;12009276.84;multiple imputation
8;Comirnaty;F;25-29;12800564;12017045.96;multiple imputation
8;Comirnaty;F;30-39;30406260;26044944;multiple imputation
8;Comirnaty;F;40-49;36785918;30375123.64;multiple imputation
8;Comirnaty;F;5-11;110894;108641.6936;multiple imputation
8;Comirnaty;F;50-59;37075357;24600777.65;multiple imputation
8;Comirnaty;F;60-69;25958614;17052786.11;multiple imputation
8;Comirnaty;F;70-79;28192501;18728561.95;multiple imputation
8;Comirnaty;F;80+;23837980;14547043.98;multiple imputation
8;Comirnaty;M;12-17;14275469;7070777.578;multiple imputation
8;Comirnaty;M;18-24;16383412;11690920.17;multiple imputation
8;Comirnaty;M;25-29;12990437;12185873.08;multiple imputation
8;Comirnaty;M;30-39;29612598;25494555.43;multiple imputation
8;Comirnaty;M;40-49;34733848;28870615.13;multiple imputation
8;Comirnaty;M;5-11;125886;125313.922;multiple imputation
8;Comirnaty;M;50-59;35710391;24038405.86;multiple imputation
8;Comirnaty;M;60-69;23510517;16347653.56;multiple imputation
8;Comirnaty;M;70-79;23634494;16798288.34;multiple imputation
8;Comirnaty;M;80+;13930790;10403751.66;multiple imputation
8;Spikevax;F;12-17;906902;477719.6334;multiple imputation
8;Spikevax;F;18-24;3155220;2072083.871;multiple imputation
8;Spikevax;F;25-29;2384643;2201810.114;multiple imputation
8;Spikevax;F;30-39;5356915;4475800.488;multiple imputation
8;Spikevax;F;40-49;5370419;4443919.453;multiple imputation
8;Spikevax;F;5-11;4611;4545.255269;multiple imputation
8;Spikevax;F;50-59;5398117;3527633.979;multiple imputation
8;Spikevax;F;60-69;3547809;2297828.858;multiple imputation
8;Spikevax;F;70-79;3091400;1965763.17;multiple imputation
8;Spikevax;F;80+;2218248;1248408.809;multiple imputation
8;Spikevax;M;12-17;1000775;479551.9487;multiple imputation
8;Spikevax;M;18-24;2995103;1983567.352;multiple imputation
8;Spikevax;M;25-29;2564586;2353392.718;multiple imputation
8;Spikevax;M;30-39;5170431;4319188.01;multiple imputation
8;Spikevax;M;40-49;4892941;4132728.886;multiple imputation
8;Spikevax;M;5-11;9488;9105.114285;multiple imputation
8;Spikevax;M;50-59;5638362;3657717.154;multiple imputation
8;Spikevax;M;60-69;3316017;2252566.221;multiple imputation
8;Spikevax;M;70-79;2475611;1679033.09;multiple imputation
8;Spikevax;M;80+;1489872;1087014.86;multiple imputation
8;Vaxzevria;F;10-19;218392;187608.9323;multiple imputation
8;Vaxzevria;F;20-29;1614082;1363664.952;multiple imputation
8;Vaxzevria;F;30-39;2630327;2254286.46;multiple imputation
8;Vaxzevria;F;40-49;3660025;2859377.18;multiple imputation
8;Vaxzevria;F;50-59;4687538;3005924.239;multiple imputation
8;Vaxzevria;F;60-69;13002305;7908971.819;multiple imputation
8;Vaxzevria;F;70-79;5361873;3372559.995;multiple imputation
8;Vaxzevria;F;80+;1065463;704997.8294;multiple imputation
8;Vaxzevria;M;10-19;180928;166420.5345;multiple imputation
8;Vaxzevria;M;20-29;1132682;1043201.106;multiple imputation
8;Vaxzevria;M;30-39;2286328;2045392.056;multiple imputation
8;Vaxzevria;M;40-49;3085658;2567569.671;multiple imputation
8;Vaxzevria;M;50-59;4515315;3070626.678;multiple imputation
8;Vaxzevria;M;60-69;13290900;8024993.502;multiple imputation
8;Vaxzevria;M;70-79;5161215;3320729.988;multiple imputation
8;Vaxzevria;M;80+;705747;515914.4858;multiple imputation
9;Comirnaty;F;12-17;13687300;7065508.178;multiple imputation
9;Comirnaty;F;18-24;17251805;11947532.93;multiple imputation
9;Comirnaty;F;25-29;13755924;12795769.01;multiple imputation
9;Comirnaty;F;30-39;30716813;26093959.45;multiple imputation
9;Comirnaty;F;40-49;35826971;29467727.51;multiple imputation
9;Comirnaty;F;5-11;186824;186358.9839;multiple imputation
9;Comirnaty;F;50-59;37174538;24500697.47;multiple imputation
9;Comirnaty;F;60-69;25675585;16670908.52;multiple imputation
9;Comirnaty;F;70-79;27990282;18391051.54;multiple imputation
9;Comirnaty;F;80+;23150874;13815736.52;multiple imputation
9;Comirnaty;M;12-17;14302392;7066634.566;multiple imputation
9;Comirnaty;M;18-24;15830074;11087862.07;multiple imputation
9;Comirnaty;M;25-29;12148862;11349299.98;multiple imputation
9;Comirnaty;M;30-39;28532818;24438951.72;multiple imputation
9;Comirnaty;M;40-49;35527471;29290400.3;multiple imputation
9;Comirnaty;M;5-11;119166;119500.6295;multiple imputation
9;Comirnaty;M;50-59;36490403;24510676.09;multiple imputation
9;Comirnaty;M;60-69;24260694;16889998.06;multiple imputation
9;Comirnaty;M;70-79;23350079;16433410.74;multiple imputation
9;Comirnaty;M;80+;15083853;11403925.64;multiple imputation
9;Spikevax;F;12-17;924802;479002.3059;multiple imputation
9;Spikevax;F;18-24;3071849;2012353.878;multiple imputation
9;Spikevax;F;25-29;2425910;2239523.581;multiple imputation
9;Spikevax;F;30-39;5055976;4229555.869;multiple imputation
9;Spikevax;F;40-49;5000078;4242742.206;multiple imputation
9;Spikevax;F;5-11;6165;6099.950212;multiple imputation
9;Spikevax;F;50-59;5709130;3792001.213;multiple imputation
9;Spikevax;F;60-69;3449973;2220728.417;multiple imputation
9;Spikevax;F;70-79;3111930;1993028.55;multiple imputation
9;Spikevax;F;80+;2267492;1300546.704;multiple imputation
9;Spikevax;M;12-17;982146;479942.139;multiple imputation
9;Spikevax;M;18-24;3017944;2010654.91;multiple imputation
9;Spikevax;M;25-29;2611111;2410508.657;multiple imputation
9;Spikevax;M;30-39;5237148;4395747.014;multiple imputation
9;Spikevax;M;40-49;5106877;4305829.511;multiple imputation
9;Spikevax;M;5-11;8741;8818.789583;multiple imputation
9;Spikevax;M;50-59;5844640;3837778.714;multiple imputation
9;Spikevax;M;60-69;3111362;2084531.438;multiple imputation
9;Spikevax;M;70-79;2611827;1810550.152;multiple imputation
9;Spikevax;M;80+;1432447;1041183.658;multiple imputation
9;Vaxzevria;F;10-19;242010;213502.2442;multiple imputation
9;Vaxzevria;F;20-29;1459199;1218279.016;multiple imputation
9;Vaxzevria;F;30-39;2605423;2212097.52;multiple imputation
9;Vaxzevria;F;40-49;3752245;2917480.301;multiple imputation
9;Vaxzevria;F;50-59;4814081;3113540.516;multiple imputation
9;Vaxzevria;F;60-69;13191575;8009002.325;multiple imputation
9;Vaxzevria;F;70-79;5273848;3295293.215;multiple imputation
9;Vaxzevria;F;80+;1030662;672198.3478;multiple imputation
9;Vaxzevria;M;10-19;115175;102918.3107;multiple imputation
9;Vaxzevria;M;20-29;1016498;914661.8531;multiple imputation
9;Vaxzevria;M;30-39;2299040;2001910.041;multiple imputation
9;Vaxzevria;M;40-49;2951138;2412611.356;multiple imputation
9;Vaxzevria;M;50-59;4333735;2914279.951;multiple imputation
9;Vaxzevria;M;60-69;13348201;8046335.955;multiple imputation
9;Vaxzevria;M;70-79;5376918;3501878.366;multiple imputation
9;Vaxzevria;M;80+;789064;599949.6366;multiple imputation
10;Comirnaty;F;12-17;13796677;7062558.198;multiple imputation
10;Comirnaty;F;18-24;18038935;12811855.93;multiple imputation
10;Comirnaty;F;25-29;12797831;12029418.3;multiple imputation
10;Comirnaty;F;30-39;29453790;25314801.47;multiple imputation
10;Comirnaty;F;40-49;36230401;30040833.21;multiple imputation
10;Comirnaty;F;5-11;60632;61177.2659;multiple imputation
10;Comirnaty;F;50-59;37117723;24684078.34;multiple imputation
10;Comirnaty;F;60-69;26789150;17821892.06;multiple imputation
10;Comirnaty;F;70-79;27439999;18112387.61;multiple imputation
10;Comirnaty;F;80+;22968081;13794091.63;multiple imputation
10;Comirnaty;M;12-17;14306007;7070188.941;multiple imputation
10;Comirnaty;M;18-24;16567625;11878251.58;multiple imputation
10;Comirnaty;M;25-29;11876590;11212357.26;multiple imputation
10;Comirnaty;M;30-39;28856541;24969896.67;multiple imputation
10;Comirnaty;M;40-49;35190015;29436095.45;multiple imputation
10;Comirnaty;M;5-11;131365;129570.119;multiple imputation
10;Comirnaty;M;50-59;36640074;24866911.34;multiple imputation
10;Comirnaty;M;60-69;24104552;16912269.85;multiple imputation
10;Comirnaty;M;70-79;23470166;16698176.8;multiple imputation
10;Comirnaty;M;80+;15225573;11648767.38;multiple imputation
10;Spikevax;F;12-17;912490;479645.1123;multiple imputation
10;Spikevax;F;18-24;3213832;2145188.4;multiple imputation
10;Spikevax;F;25-29;2471984;2280449.512;multiple imputation
10;Spikevax;F;30-39;5243572;4401827.118;multiple imputation
10;Spikevax;F;40-49;5135119;4310222.18;multiple imputation
10;Spikevax;F;5-11;2012;2177.452285;multiple imputation
10;Spikevax;F;50-59;5572513;3700132.27;multiple imputation
10;Spikevax;F;60-69;3516003;2285379.042;multiple imputation
10;Spikevax;F;70-79;3092588;1983984.191;multiple imputation
10;Spikevax;F;80+;2334404;1369500.273;multiple imputation
10;Spikevax;M;12-17;988448;478102.5884;multiple imputation
10;Spikevax;M;18-24;3141392;2135517.459;multiple imputation
10;Spikevax;M;25-29;2371721;2188147.084;multiple imputation
10;Spikevax;M;30-39;5123249;4274343.643;multiple imputation
10;Spikevax;M;40-49;5174857;4349948.645;multiple imputation
10;Spikevax;M;5-11;18896;19450.55321;multiple imputation
10;Spikevax;M;50-59;5561107;3628989.242;multiple imputation
10;Spikevax;M;60-69;3235020;2204740.468;multiple imputation
10;Spikevax;M;70-79;2489976;1704437.846;multiple imputation
10;Spikevax;M;80+;1388357;1000566.777;multiple imputation
10;Vaxzevria;F;10-19;203035;171574.0627;multiple imputation
10;Vaxzevria;F;20-29;1511293;1262267.478;multiple imputation
10;Vaxzevria;F;30-39;2591118;2202416.938;multiple imputation
10;Vaxzevria;F;40-49;3941797;3050085.105;multiple imputation
10;Vaxzevria;F;50-59;4699924;2999177.566;multiple imputation
10;Vaxzevria;F;60-69;13149789;7954748.611;multiple imputation
10;Vaxzevria;F;70-79;5424166;3393663.439;multiple imputation
10;Vaxzevria;F;80+;1111802;745558.8862;multiple imputation
10;Vaxzevria;M;10-19;139969;126801.618;multiple imputation
10;Vaxzevria;M;20-29;1120924;1025200.123;multiple imputation
10;Vaxzevria;M;30-39;2234878;1965297.561;multiple imputation
10;Vaxzevria;M;40-49;3046900;2502769.664;multiple imputation
10;Vaxzevria;M;50-59;4299283;2871843.822;multiple imputation
10;Vaxzevria;M;60-69;13168894;7926734.51;multiple imputation
10;Vaxzevria;M;70-79;5144496;3292793.238;multiple imputation
10;Vaxzevria;M;80+;810558;615260.4509;multiple imputation
11;Comirnaty;F;12-17;13802566;7067149.062;multiple imputation
11;Comirnaty;F;18-24;17430909;12234639.75;multiple imputation
11;Comirnaty;F;25-29;12783390;12086382.19;multiple imputation
11;Comirnaty;F;30-39;29849190;25785486.9;multiple imputation
11;Comirnaty;F;40-49;35086978;29324346.69;multiple imputation
11;Comirnaty;F;5-11;155183;153026.9402;multiple imputation
11;Comirnaty;F;50-59;37822786;25252379.88;multiple imputation
11;Comirnaty;F;60-69;27112064;18085424.88;multiple imputation
11;Comirnaty;F;70-79;27150713;17830724.23;multiple imputation
11;Comirnaty;F;80+;24300767;14980485.69;multiple imputation
11;Comirnaty;M;12-17;14266127;7069316.404;multiple imputation
11;Comirnaty;M;18-24;16398369;11712824.07;multiple imputation
11;Comirnaty;M;25-29;12180001;11556590.32;multiple imputation
11;Comirnaty;M;30-39;29040355;25087674.76;multiple imputation
11;Comirnaty;M;40-49;35821138;29866831.06;multiple imputation
11;Comirnaty;M;5-11;70857;70845.3515;multiple imputation
11;Comirnaty;M;50-59;35905698;24236010.4;multiple imputation
11;Comirnaty;M;60-69;23845681;16660903.07;multiple imputation
11;Comirnaty;M;70-79;23245308;16476384.15;multiple imputation
11;Comirnaty;M;80+;14793699;11227037.04;multiple imputation
11;Spikevax;F;12-17;906106;478314.0799;multiple imputation
11;Spikevax;F;18-24;3256159;2186236.325;multiple imputation
11;Spikevax;F;25-29;2441947;2280071.399;multiple imputation
11;Spikevax;F;30-39;5428298;4558802.427;multiple imputation
11;Spikevax;F;40-49;5177968;4366922.302;multiple imputation
11;Spikevax;F;5-11;10315;10314.1806;multiple imputation
11;Spikevax;F;50-59;5487973;3636920.509;multiple imputation
11;Spikevax;F;60-69;3542900;2318658.777;multiple imputation
11;Spikevax;F;70-79;3065545;1963121.332;multiple imputation
11;Spikevax;F;80+;2316228;1353431.56;multiple imputation
11;Spikevax;M;12-17;1000402;479009.9194;multiple imputation
11;Spikevax;M;18-24;3034547;2042379.026;multiple imputation
11;Spikevax;M;25-29;2430770;2265076.019;multiple imputation
11;Spikevax;M;30-39;5152609;4353205.526;multiple imputation
11;Spikevax;M;40-49;4886864;4128016.579;multiple imputation
11;Spikevax;M;5-11;4651;4532.960023;multiple imputation
11;Spikevax;M;50-59;5551066;3629962.082;multiple imputation
11;Spikevax;M;60-69;3191869;2167198.257;multiple imputation
11;Spikevax;M;70-79;2609691;1822896.765;multiple imputation
11;Spikevax;M;80+;1491260;1104487.515;multiple imputation
11;Vaxzevria;F;10-19;206687;177034.5149;multiple imputation
11;Vaxzevria;F;20-29;1537430;1288885.115;multiple imputation
11;Vaxzevria;F;30-39;2662961;2284689.633;multiple imputation
11;Vaxzevria;F;40-49;3942325;3052167.625;multiple imputation
11;Vaxzevria;F;50-59;4707506;3025874.686;multiple imputation
11;Vaxzevria;F;60-69;13181279;8007871.863;multiple imputation
11;Vaxzevria;F;70-79;5151281;3187708.66;multiple imputation
11;Vaxzevria;F;80+;1132515;771711.9765;multiple imputation
11;Vaxzevria;M;10-19;287439;272585.9724;multiple imputation
11;Vaxzevria;M;20-29;1060918;969289.96;multiple imputation
11;Vaxzevria;M;30-39;2171316;1920840.528;multiple imputation
11;Vaxzevria;M;40-49;3061146;2527846.518;multiple imputation
11;Vaxzevria;M;50-59;4169656;2770242.952;multiple imputation
11;Vaxzevria;M;60-69;13303362;8028868.608;multiple imputation
11;Vaxzevria;M;70-79;5144919;3309500.141;multiple imputation
11;Vaxzevria;M;80+;878051;682916.2784;multiple imputation
12;Comirnaty;F;12-17;13747495;7065257.63;multiple imputation
12;Comirnaty;F;18-24;17685505;12414799.38;multiple imputation
12;Comirnaty;F;25-29;12104593;11315418.17;multiple imputation
12;Comirnaty;F;30-39;29880804;25617505.65;multiple imputation
12;Comirnaty;F;40-49;36821467;30348505.32;multiple imputation
12;Comirnaty;F;5-11;119829;119753.9905;multiple imputation
12;Comirnaty;F;50-59;36625537;24182210.21;multiple imputation
12;Comirnaty;F;60-69;26122798;17154220.6;multiple imputation
12;Comirnaty;F;70-79;28052925;18557279.85;multiple imputation
12;Comirnaty;F;80+;23007951;13771436.61;multiple imputation
12;Comirnaty;M;12-17;14208550;7069645.64;multiple imputation
12;Comirnaty;M;18-24;16305608;11590241.29;multiple imputation
12;Comirnaty;M;25-29;12167608;11435032.47;multiple imputation
12;Comirnaty;M;30-39;29495435;25308458.66;multiple imputation
12;Comirnaty;M;40-49;35428517;29397882.6;multiple imputation
12;Comirnaty;M;5-11;211940;210848.7155;multiple imputation
12;Comirnaty;M;50-59;36336702;24515068.29;multiple imputation
12;Comirnaty;M;60-69;23973774;16734980.43;multiple imputation
12;Comirnaty;M;70-79;23921515;17019141.31;multiple imputation
12;Comirnaty;M;80+;14836307;11231532.11;multiple imputation
12;Spikevax;F;12-17;931546;479777.6221;multiple imputation
12;Spikevax;F;18-24;3245867;2148841.461;multiple imputation
12;Spikevax;F;25-29;2409755;2204774.32;multiple imputation
12;Spikevax;F;30-39;5308019;4390932.739;multiple imputation
12;Spikevax;F;40-49;5220355;4331179.403;multiple imputation
12;Spikevax;F;5-11;5602;5587.687443;multiple imputation
12;Spikevax;F;50-59;5642696;3711985.124;multiple imputation
12;Spikevax;F;60-69;3097331;1888886.787;multiple imputation
12;Spikevax;F;70-79;2951205;1834093.567;multiple imputation
12;Spikevax;F;80+;2382089;1396622.646;multiple imputation
12;Spikevax;M;12-17;978097;479577.6665;multiple imputation
12;Spikevax;M;18-24;3078170;2052642.823;multiple imputation
12;Spikevax;M;25-29;2372357;2180675.997;multiple imputation
12;Spikevax;M;30-39;5175797;4310606.55;multiple imputation
12;Spikevax;M;40-49;5120766;4269967.821;multiple imputation
12;Spikevax;M;5-11;6873;6887.617622;multiple imputation
12;Spikevax;M;50-59;5690977;3694428.286;multiple imputation
12;Spikevax;M;60-69;3268248;2208128.436;multiple imputation
12;Spikevax;M;70-79;2647328;1831210.652;multiple imputation
12;Spikevax;M;80+;1454734;1053190.6;multiple imputation
12;Vaxzevria;F;10-19;277950;243958.4052;multiple imputation
12;Vaxzevria;F;20-29;1709861;1461992.081;multiple imputation
12;Vaxzevria;F;30-39;2579738;2211859.095;multiple imputation
12;Vaxzevria;F;40-49;3879632;3006458.092;multiple imputation
12;Vaxzevria;F;50-59;4665200;2977282.393;multiple imputation
12;Vaxzevria;F;60-69;13033386;7912456.959;multiple imputation
12;Vaxzevria;F;70-79;5256044;3270340.88;multiple imputation
12;Vaxzevria;F;80+;965544;604566.5968;multiple imputation
12;Vaxzevria;M;10-19;176783;160032.6653;multiple imputation
12;Vaxzevria;M;20-29;1040795;941194.1876;multiple imputation
12;Vaxzevria;M;30-39;2217189;1963186.661;multiple imputation
12;Vaxzevria;M;40-49;3189168;2654063.699;multiple imputation
12;Vaxzevria;M;50-59;4440972;2998071.364;multiple imputation
12;Vaxzevria;M;60-69;13168818;7944335.297;multiple imputation
12;Vaxzevria;M;70-79;5101219;3261774.001;multiple imputation
12;Vaxzevria;M;80+;896507;699215.9235;multiple imputation
13;Comirnaty;F;12-17;13859960;7069918.464;multiple imputation
13;Comirnaty;F;18-24;17822531;12513526.02;multiple imputation
13;Comirnaty;F;25-29;13314224;12493741.39;multiple imputation
13;Comirnaty;F;30-39;30085861;25822937.53;multiple imputation
13;Comirnaty;F;40-49;36727438;30396659.88;multiple imputation
13;Comirnaty;F;5-11;103085;103458.0908;multiple imputation
13;Comirnaty;F;50-59;36749437;24213425.85;multiple imputation
13;Comirnaty;F;60-69;26648466;17569104.76;multiple imputation
13;Comirnaty;F;70-79;27112426;17704037.26;multiple imputation
13;Comirnaty;F;80+;24006268;14608621.7;multiple imputation
13;Comirnaty;M;12-17;14232300;7070885.237;multiple imputation
13;Comirnaty;M;18-24;15918028;11204180.97;multiple imputation
13;Comirnaty;M;25-29;12090487;11404146.69;multiple imputation
13;Comirnaty;M;30-39;29261851;25258027.67;multiple imputation
13;Comirnaty;M;40-49;35320798;29391796.61;multiple imputation
13;Comirnaty;M;5-11;97424;96994.38895;multiple imputation
13;Comirnaty;M;50-59;36128329;24297808.42;multiple imputation
13;Comirnaty;M;60-69;23611029;16372652.75;multiple imputation
13;Comirnaty;M;70-79;23072814;16232862.76;multiple imputation
13;Comirnaty;M;80+;14897059;11264917.43;multiple imputation
13;Spikevax;F;12-17;952196;480187.2676;multiple imputation
13;Spikevax;F;18-24;3088918;2012703.15;multiple imputation
13;Spikevax;F;25-29;2332169;2143245.333;multiple imputation
13;Spikevax;F;30-39;5202933;4311715.404;multiple imputation
13;Spikevax;F;40-49;5330242;4419996.835;multiple imputation
13;Spikevax;F;5-11;6125;6257.240836;multiple imputation
13;Spikevax;F;50-59;5497689;3605324.136;multiple imputation
13;Spikevax;F;60-69;3568395;2312122.707;multiple imputation
13;Spikevax;F;70-79;3040539;1920464.117;multiple imputation
13;Spikevax;F;80+;2135849;1172487.873;multiple imputation
13;Spikevax;M;12-17;952762;477704.7388;multiple imputation
13;Spikevax;M;18-24;3054967;2037528.15;multiple imputation
13;Spikevax;M;25-29;2574419;2350687.838;multiple imputation
13;Spikevax;M;30-39;5278742;4383978.128;multiple imputation
13;Spikevax;M;40-49;5084677;4229468.058;multiple imputation
13;Spikevax;M;5-11;10976;10356.49859;multiple imputation
13;Spikevax;M;50-59;5534061;3576276.578;multiple imputation
13;Spikevax;M;60-69;3278507;2221795.67;multiple imputation
13;Spikevax;M;70-79;2652541;1835904.652;multiple imputation
13;Spikevax;M;80+;1411046;1013418.265;multiple imputation
13;Vaxzevria;F;10-19;263884;237007.1449;multiple imputation
13;Vaxzevria;F;20-29;1807902;1581114.003;multiple imputation
13;Vaxzevria;F;30-39;2867301;2487371.343;multiple imputation
13;Vaxzevria;F;40-49;4008261;3195563.781;multiple imputation
13;Vaxzevria;F;50-59;4776291;3139733.074;multiple imputation
13;Vaxzevria;F;60-69;12962558;7998213.508;multiple imputation
13;Vaxzevria;F;70-79;5277510;3352470.892;multiple imputation
13;Vaxzevria;F;80+;1077994;735015.3005;multiple imputation
13;Vaxzevria;M;10-19;121174;110147.3018;multiple imputation
13;Vaxzevria;M;20-29;1069117;988051.0217;multiple imputation
13;Vaxzevria;M;30-39;2229794;1990678.649;multiple imputation
13;Vaxzevria;M;40-49;3022946;2521495.791;multiple imputation
13;Vaxzevria;M;50-59;4137148;2794637.8;multiple imputation
13;Vaxzevria;M;60-69;13116992;8042398.289;multiple imputation
13;Vaxzevria;M;70-79;5028093;3258689.317;multiple imputation
13;Vaxzevria;M;80+;831876;653221.9044;multiple imputation
14;Comirnaty;F;12-17;13859531;7069173.644;multiple imputation
14;Comirnaty;F;18-24;16328230;11124401.34;multiple imputation
14;Comirnaty;F;25-29;12484463;11709941.28;multiple imputation
14;Comirnaty;F;30-39;30182255;25778888.67;multiple imputation
14;Comirnaty;F;40-49;36507239;30171690.61;multiple imputation
14;Comirnaty;F;5-11;141534;141111.5785;multiple imputation
14;Comirnaty;F;50-59;36544746;24011039.96;multiple imputation
14;Comirnaty;F;60-69;26554404;17463212.15;multiple imputation
14;Comirnaty;F;70-79;27943050;18388420.78;multiple imputation
14;Comirnaty;F;80+;24148501;14719430.71;multiple imputation
14;Comirnaty;M;12-17;14180543;7070815.206;multiple imputation
14;Comirnaty;M;18-24;16627891;11835176.65;multiple imputation
14;Comirnaty;M;25-29;12182964;11444163.93;multiple imputation
14;Comirnaty;M;30-39;28480019;24433763.17;multiple imputation
14;Comirnaty;M;40-49;35615112;29475651.8;multiple imputation
14;Comirnaty;M;5-11;114146;114170.7254;multiple imputation
14;Comirnaty;M;50-59;36292810;24384331.53;multiple imputation
14;Comirnaty;M;60-69;24046988;16730334.94;multiple imputation
14;Comirnaty;M;70-79;24263833;17258623.15;multiple imputation
14;Comirnaty;M;80+;14564541;10938750.16;multiple imputation
14;Spikevax;F;12-17;920441;477656.4497;multiple imputation
14;Spikevax;F;18-24;3075668;2016561.259;multiple imputation
14;Spikevax;F;25-29;2525996;2337519.52;multiple imputation
14;Spikevax;F;30-39;5241179;4418442.436;multiple imputation
14;Spikevax;F;40-49;4999234;4252899.831;multiple imputation
14;Spikevax;F;5-11;283;280.8474586;multiple imputation
14;Spikevax;F;50-59;5539299;3669438.32;multiple imputation
14;Spikevax;F;60-69;3491255;2263784.816;multiple imputation
14;Spikevax;F;70-79;3215596;2091259.672;multiple imputation
14;Spikevax;F;80+;2299356;1335667.223;multiple imputation
14;Spikevax;M;12-17;997888;479988.9514;multiple imputation
14;Spikevax;M;18-24;3020202;2021620.344;multiple imputation
14;Spikevax;M;25-29;2433582;2273790.862;multiple imputation
14;Spikevax;M;30-39;5291530;4438305.012;multiple imputation
14;Spikevax;M;40-49;5047273;4295614.998;multiple imputation
14;Spikevax;M;5-11;2968;2848.740408;multiple imputation
14;Spikevax;M;50-59;5702653;3740018.629;multiple imputation
14;Spikevax;M;60-69;3195517;2166908.137;multiple imputation
14;Spikevax;M;70-79;2511179;1725606.901;multiple imputation
14;Spikevax;M;80+;1476175;1086132.224;multiple imputation
14;Vaxzevria;F;10-19;189079;158639.5082;multiple imputation
14;Vaxzevria;F;20-29;1803034;1519045.613;multiple imputation
14;Vaxzevria;F;30-39;2690698;2272895.757;multiple imputation
14;Vaxzevria;F;40-49;3787369;2876357.482;multiple imputation
14;Vaxzevria;F;50-59;4770216;3056045.67;multiple imputation
14;Vaxzevria;F;60-69;13096057;7932321.763;multiple imputation
14;Vaxzevria;F;70-79;5336913;3331892.427;multiple imputation
14;Vaxzevria;F;80+;1053350;688852.7332;multiple imputation
14;Vaxzevria;M;10-19;163253;150859.9372;multiple imputation
14;Vaxzevria;M;20-29;1015986;913622.9831;multiple imputation
14;Vaxzevria;M;30-39;2162781;1881225.664;multiple imputation
14;Vaxzevria;M;40-49;3120223;2543340.136;multiple imputation
14;Vaxzevria;M;50-59;4349008;2913363.481;multiple imputation
14;Vaxzevria;M;60-69;13238543;7965483.608;multiple imputation
14;Vaxzevria;M;70-79;5034234;3198029.154;multiple imputation
14;Vaxzevria;M;80+;788085;593601.2289;multiple imputation
15;Comirnaty;F;12-17;13591759;7060072.952;multiple imputation
15;Comirnaty;F;18-24;17525549;12211021.48;multiple imputation
15;Comirnaty;F;25-29;12880905;12113403.35;multiple imputation
15;Comirnaty;F;30-39;30519887;26161271.07;multiple imputation
15;Comirnaty;F;40-49;35835744;29675111.2;multiple imputation
15;Comirnaty;F;5-11;127024;126375.2936;multiple imputation
15;Comirnaty;F;50-59;37863372;25079287.78;multiple imputation
15;Comirnaty;F;60-69;26318130;17246330.8;multiple imputation
15;Comirnaty;F;70-79;26906047;17477600.46;multiple imputation
15;Comirnaty;F;80+;23796808;14392923.89;multiple imputation
15;Comirnaty;M;12-17;14488798;7064878.299;multiple imputation
15;Comirnaty;M;18-24;16533456;11733355.43;multiple imputation
15;Comirnaty;M;25-29;11919436;11229325.29;multiple imputation
15;Comirnaty;M;30-39;29114645;25095052.62;multiple imputation
15;Comirnaty;M;40-49;34880427;29063248.87;multiple imputation
15;Comirnaty;M;5-11;85378;85616.39264;multiple imputation
15;Comirnaty;M;50-59;36111922;24223261.26;multiple imputation
15;Comirnaty;M;60-69;23390817;16127256.72;multiple imputation
15;Comirnaty;M;70-79;23887917;16911513.54;multiple imputation
15;Comirnaty;M;80+;15281984;11601277.84;multiple imputation
15;Spikevax;F;12-17;946203;480027.0591;multiple imputation
15;Spikevax;F;18-24;3058450;1959959.914;multiple imputation
15;Spikevax;F;25-29;2378589;2177329.203;multiple imputation
15;Spikevax;F;30-39;5232091;4326524.796;multiple imputation
15;Spikevax;F;40-49;5033481;4197702.254;multiple imputation
15;Spikevax;F;5-11;10142;9839.876873;multiple imputation
15;Spikevax;F;50-59;5418770;3493544.334;multiple imputation
15;Spikevax;F;60-69;3430448;2162525.035;multiple imputation
15;Spikevax;F;70-79;3031482;1883215.659;multiple imputation
15;Spikevax;F;80+;2259460;1265088.758;multiple imputation
15;Spikevax;M;12-17;954973;479986.8093;multiple imputation
15;Spikevax;M;18-24;3248364;2176008.031;multiple imputation
15;Spikevax;M;25-29;2414044;2203456.278;multiple imputation
15;Spikevax;M;30-39;5340282;4410444.033;multiple imputation
15;Spikevax;M;40-49;5091800;4252850.994;multiple imputation
15;Spikevax;M;5-11;11012;10887.98839;multiple imputation
15;Spikevax;M;50-59;5868985;3786710.69;multiple imputation
15;Spikevax;M;60-69;3167922;2094500.394;multiple imputation
15;Spikevax;M;70-79;2618197;1783979.286;multiple imputation
15;Spikevax;M;80+;1473329;1060959.445;multiple imputation
15;Vaxzevria;F;10-19;280551;248635.7899;multiple imputation
15;Vaxzevria;F;20-29;1570408;1314157.658;multiple imputation
15;Vaxzevria;F;30-39;2664988;2237962.018;multiple imputation
15;Vaxzevria;F;40-49;3903885;3007864.48;multiple imputation
15;Vaxzevria;F;50-59;4667217;2935456.786;multiple imputation
15;Vaxzevria;F;60-69;13241902;7927061.407;multiple imputation
15;Vaxzevria;F;70-79;5375307;3323198.768;multiple imputation
15;Vaxzevria;F;80+;1002551;631048.8872;multiple imputation
15;Vaxzevria;M;10-19;134444;121073.388;multiple imputation
15;Vaxzevria;M;20-29;972260;870717.5583;multiple imputation
15;Vaxzevria;M;30-39;2171433;1883074.303;multiple imputation
15;Vaxzevria;M;40-49;3093378;2548626.885;multiple imputation
15;Vaxzevria;M;50-59;4348807;2877565.36;multiple imputation
15;Vaxzevria;M;60-69;13318857;7931535.155;multiple imputation
15;Vaxzevria;M;70-79;5026571;3158710.854;multiple imputation
15;Vaxzevria;M;80+;826231;619905.5984;multiple imputation
16;Comirnaty;F;12-17;13827513;7067869.958;multiple imputation
16;Comirnaty;F;18-24;16620256;11448753.47;multiple imputation
16;Comirnaty;F;25-29;12307409;11618724.78;multiple imputation
16;Comirnaty;F;30-39;30377360;26088618.65;multiple imputation
16;Comirnaty;F;40-49;36255586;30046935.99;multiple imputation
16;Comirnaty;F;5-11;95747;97285.0919;multiple imputation
16;Comirnaty;F;50-59;38232712;25503750.19;multiple imputation
16;Comirnaty;F;60-69;25608595;16713274.39;multiple imputation
16;Comirnaty;F;70-79;28510464;18950684;multiple imputation
16;Comirnaty;F;80+;23285836;14026576.33;multiple imputation
16;Comirnaty;M;12-17;14253765;7069219.658;multiple imputation
16;Comirnaty;M;18-24;16811536;12061621.93;multiple imputation
16;Comirnaty;M;25-29;12409185;11665271.77;multiple imputation
16;Comirnaty;M;30-39;29082744;25044441.12;multiple imputation
16;Comirnaty;M;40-49;35173634;29355501.73;multiple imputation
16;Comirnaty;M;5-11;113911;114746.5943;multiple imputation
16;Comirnaty;M;50-59;36005603;24246830.34;multiple imputation
16;Comirnaty;M;60-69;23926649;16693955.25;multiple imputation
16;Comirnaty;M;70-79;23018041;16221778.64;multiple imputation
16;Comirnaty;M;80+;15141436;11529795.26;multiple imputation
16;Spikevax;F;12-17;926883;479528.3016;multiple imputation
16;Spikevax;F;18-24;3211995;2132981.949;multiple imputation
16;Spikevax;F;25-29;2569609;2362539.597;multiple imputation
16;Spikevax;F;30-39;5322069;4458710.595;multiple imputation
16;Spikevax;F;40-49;5084183;4278949.439;multiple imputation
16;Spikevax;F;5-11;10968;11215.85461;multiple imputation
16;Spikevax;F;50-59;5378876;3520931.22;multiple imputation
16;Spikevax;F;60-69;3423023;2193050.962;multiple imputation
16;Spikevax;F;70-79;3194336;2060579.267;multiple imputation
16;Spikevax;F;80+;2288481;1318047.3;multiple imputation
16;Spikevax;M;12-17;970765;478872.3187;multiple imputation
16;Spikevax;M;18-24;2984537;1979797.288;multiple imputation
16;Spikevax;M;25-29;2505356;2312069.587;multiple imputation
16;Spikevax;M;30-39;5200801;4370694.687;multiple imputation
16;Spikevax;M;40-49;5012170;4230698.17;multiple imputation
16;Spikevax;M;5-11;12198;12222.46597;multiple imputation
16;Spikevax;M;50-59;5609193;3648596.961;multiple imputation
16;Spikevax;M;60-69;3205819;2164584.807;multiple imputation
16;Spikevax;M;70-79;2741358;1926515.755;multiple imputation
16;Spikevax;M;80+;1333888;944918.6064;multiple imputation
16;Vaxzevria;F;10-19;241415;214640.7229;multiple imputation
16;Vaxzevria;F;20-29;1544419;1305090.362;multiple imputation
16;Vaxzevria;F;30-39;2578338;2247331.384;multiple imputation
16;Vaxzevria;F;40-49;3902879;3051325.211;multiple imputation
16;Vaxzevria;F;50-59;4783894;3100587.286;multiple imputation
16;Vaxzevria;F;60-69;13032018;7952337.886;multiple imputation
16;Vaxzevria;F;70-79;5197423;3242802.109;multiple imputation
16;Vaxzevria;F;80+;1112022;756132.6627;multiple imputation
16;Vaxzevria;M;10-19;185955;174049.3713;multiple imputation
16;Vaxzevria;M;20-29;1002877;916028.4751;multiple imputation
16;Vaxzevria;M;30-39;2300126;2035010.436;multiple imputation
16;Vaxzevria;M;40-49;3139806;2614042.847;multiple imputation
16;Vaxzevria;M;50-59;4421778;3000481.974;multiple imputation
16;Vaxzevria;M;60-69;13306945;8060974.872;multiple imputation
16;Vaxzevria;M;70-79;4992611;3192152.276;multiple imputation
16;Vaxzevria;M;80+;856299;666116.8862;multiple imputation
17;Comirnaty;F;12-17;13825272;7068032.936;multiple imputation
17;Comirnaty;F;18-24;17658723;12320120.77;multiple imputation
17;Comirnaty;F;25-29;11994003;11228498.14;multiple imputation
17;Comirnaty;F;30-39;30945555;26413213.84;multiple imputation
17;Comirnaty;F;40-49;36372254;29984463.5;multiple imputation
17;Comirnaty;F;5-11;129736;128773.4374;multiple imputation
17;Comirnaty;F;50-59;36732733;24155362.76;multiple imputation
17;Comirnaty;F;60-69;26304129;17242171.78;multiple imputation
17;Comirnaty;F;70-79;28760073;19074501.52;multiple imputation
17;Comirnaty;F;80+;23177507;13849614.02;multiple imputation
17;Comirnaty;M;12-17;14174632;7070431.285;multiple imputation
17;Comirnaty;M;18-24;16210783;11453270.24;multiple imputation
17;Comirnaty;M;25-29;13098028;12296662.93;multiple imputation
17;Comirnaty;M;30-39;28885278;24811388.5;multiple imputation
17;Comirnaty;M;40-49;35482329;29404752.31;multiple imputation
17;Comirnaty;M;5-11;164959;163328.1942;multiple imputation
17;Comirnaty;M;50-59;35375005;23618244.67;multiple imputation
17;Comirnaty;M;60-69;23542025;16276088.97;multiple imputation
17;Comirnaty;M;70-79;23222637;16328579.64;multiple imputation
17;Comirnaty;M;80+;15005984;11342584.58;multiple imputation
17;Spikevax;F;12-17;942091;479492.2275;multiple imputation
17;Spikevax;F;18-24;3273674;2202755.733;multiple imputation
17;Spikevax;F;25-29;2421041;2256251.965;multiple imputation
17;Spikevax;F;30-39;5181263;4344960.458;multiple imputation
17;Spikevax;F;40-49;5056349;4257354.142;multiple imputation
17;Spikevax;F;5-11;3121;3179.655459;multiple imputation
17;Spikevax;F;50-59;5491486;3641578.613;multiple imputation
17;Spikevax;F;60-69;3507993;2283454.653;multiple imputation
17;Spikevax;F;70-79;3132868;2022955.795;multiple imputation
17;Spikevax;F;80+;2282041;1321898.983;multiple imputation
17;Spikevax;M;12-17;960736;480151.1845;multiple imputation
17;Spikevax;M;18-24;3144106;2139649.036;multiple imputation
17;Spikevax;M;25-29;2456625;2287492.306;multiple imputation
17;Spikevax;M;30-39;5143675;4349467.126;multiple imputation
17;Spikevax;M;40-49;5096006;4306657.383;multiple imputation
17;Spikevax;M;5-11;15791;15896.98589;multiple imputation
17;Spikevax;M;50-59;5482880;3567707.979;multiple imputation
17;Spikevax;M;60-69;3192936;2167418.56;multiple imputation
17;Spikevax;M;70-79;2763485;1961555.348;multiple imputation
17;Spikevax;M;80+;1439266;1050291.757;multiple imputation
17;Vaxzevria;F;10-19;240845;210352.3757;multiple imputation
17;Vaxzevria;F;20-29;1707246;1431948.957;multiple imputation
17;Vaxzevria;F;30-39;2630048;2245059.72;multiple imputation
17;Vaxzevria;F;40-49;3834281;2987143.664;multiple imputation
17;Vaxzevria;F;50-59;4635540;2964475.358;multiple imputation
17;Vaxzevria;F;60-69;13131917;7990815.47;multiple imputation
17;Vaxzevria;F;70-79;5451030;3449427.935;multiple imputation
17;Vaxzevria;F;80+;1188472;824278.8389;multiple imputation
17;Vaxzevria;M;10-19;154914;144311.5669;multiple imputation
17;Vaxzevria;M;20-29;1006790;910641.3134;multiple imputation
17;Vaxzevria;M;30-39;2206422;1942860.151;multiple imputation
17;Vaxzevria;M;40-49;3043317;2526092.392;multiple imputation
17;Vaxzevria;M;50-59;4208454;2809013.901;multiple imputation
17;Vaxzevria;M;60-69;13164503;7965515.547;multiple imputation
17;Vaxzevria;M;70-79;5249364;3401938.283;multiple imputation
17;Vaxzevria;M;80+;745689;557352.8071;multiple imputation
18;Comirnaty;F;12-17;13795895;7064295.655;multiple imputation
18;Comirnaty;F;18-24;17574957;12371695.27;multiple imputation
18;Comirnaty;F;25-29;13156163;12375526.97;multiple imputation
18;Comirnaty;F;30-39;30189658;25888696.71;multiple imputation
18;Comirnaty;F;40-49;35533806;29489769.98;multiple imputation
18;Comirnaty;F;5-11;164925;163513.6088;multiple imputation
18;Comirnaty;F;50-59;37640442;25099165.12;multiple imputation
18;Comirnaty;F;60-69;25884640;17012203.41;multiple imputation
18;Comirnaty;F;70-79;27613593;18254388.42;multiple imputation
18;Comirnaty;F;80+;23922461;14641685.89;multiple imputation
18;Comirnaty;M;12-17;14228397;7067754.623;multiple imputation
18;Comirnaty;M;18-24;16337974;11668889.69;multiple imputation
18;Comirnaty;M;25-29;12698144;11964245.31;multiple imputation
18;Comirnaty;M;30-39;28629271;24677906.14;multiple imputation
18;Comirnaty;M;40-49;34963320;29228412.6;multiple imputation
18;Comirnaty;M;5-11;101887;100323.8111;multiple imputation
18;Comirnaty;M;50-59;37407038;25484120.41;multiple imputation
18;Comirnaty;M;60-69;23515798;16376652.6;multiple imputation
18;Comirnaty;M;70-79;23295402;16527939.76;multiple imputation
18;Comirnaty;M;80+;14404379;10862739.08;multiple imputation
18;Spikevax;F;12-17;915471;478606.4965;multiple imputation
18;Spikevax;F;18-24;3156309;2070992.91;multiple imputation
18;Spikevax;F;25-29;2424898;2209544.932;multiple imputation
18;Spikevax;F;30-39;5292309;4381845.374;multiple imputation
18;Spikevax;F;40-49;5312300;4409442.984;multiple imputation
18;Spikevax;F;5-11;3685;3707.699003;multiple imputation
18;Spikevax;F;50-59;5594467;3672331.031;multiple imputation
18;Spikevax;F;60-69;3457592;2212423.794;multiple imputation
18;Spikevax;F;70-79;2974047;1854431.517;multiple imputation
18;Spikevax;F;80+;2160308;1190623.055;multiple imputation
18;Spikevax;M;12-17;997819;478958.3736;multiple imputation
18;Spikevax;M;18-24;3147604;2113734.62;multiple imputation
18;Spikevax;M;25-29;2481152;2260904.158;multiple imputation
18;Spikevax;M;30-39;4995122;4142141.684;multiple imputation
18;Spikevax;M;40-49;5158048;4285145.682;multiple imputation
18;Spikevax;M;5-11;4039;3996.915583;multiple imputation
18;Spikevax;M;50-59;5626576;3642834.675;multiple imputation
18;Spikevax;M;60-69;3090712;2050002.418;multiple imputation
18;Spikevax;M;70-79;2582640;1769691.238;multiple imputation
18;Spikevax;M;80+;1611610;1199731.692;multiple imputation
18;Vaxzevria;F;10-19;200927;176550.6332;multiple imputation
18;Vaxzevria;F;20-29;1445456;1192406.706;multiple imputation
18;Vaxzevria;F;30-39;2720796;2327628.291;multiple imputation
18;Vaxzevria;F;40-49;3987962;3120739.913;multiple imputation
18;Vaxzevria;F;50-59;4617905;2967249.145;multiple imputation
18;Vaxzevria;F;60-69;13166029;8041255.365;multiple imputation
18;Vaxzevria;F;70-79;5438412;3461368.626;multiple imputation
18;Vaxzevria;F;80+;973107;622395.4446;multiple imputation
18;Vaxzevria;M;10-19;146755;138576.4598;multiple imputation
18;Vaxzevria;M;20-29;1059988;955815.1909;multiple imputation
18;Vaxzevria;M;30-39;2104211;1856744.043;multiple imputation
18;Vaxzevria;M;40-49;3150154;2621496.438;multiple imputation
18;Vaxzevria;M;50-59;4245935;2859153.055;multiple imputation
18;Vaxzevria;M;60-69;13171050;8005255.05;multiple imputation
18;Vaxzevria;M;70-79;5333257;3492271.216;multiple imputation
18;Vaxzevria;M;80+;836874;650911.1978;multiple imputation
19;Comirnaty;F;12-17;13778056;7069200.521;multiple imputation
19;Comirnaty;F;18-24;17439536;12128565.71;multiple imputation
19;Comirnaty;F;25-29;12714379;11935649.98;multiple imputation
19;Comirnaty;F;30-39;29717077;25464735.48;multiple imputation
19;Comirnaty;F;40-49;35879155;29683305.17;multiple imputation
19;Comirnaty;F;5-11;81782;82244.54928;multiple imputation
19;Comirnaty;F;50-59;37646015;24888047.17;multiple imputation
19;Comirnaty;F;60-69;26115844;17069081.71;multiple imputation
19;Comirnaty;F;70-79;27763955;18217576.59;multiple imputation
19;Comirnaty;F;80+;23647583;14258595.92;multiple imputation
19;Comirnaty;M;12-17;14288627;7065623.532;multiple imputation
19;Comirnaty;M;18-24;16861121;12023024.55;multiple imputation
19;Comirnaty;M;25-29;12074236;11346183.31;multiple imputation
19;Comirnaty;M;30-39;29245270;25114267.03;multiple imputation
19;Comirnaty;M;40-49;35769991;29618408.37;multiple imputation
19;Comirnaty;M;5-11;145491;147034.111;multiple imputation
19;Comirnaty;M;50-59;35957723;24068272.02;multiple imputation
19;Comirnaty;M;60-69;23603572;16317585.01;multiple imputation
19;Comirnaty;M;70-79;23728417;16766766.98;multiple imputation
19;Comirnaty;M;80+;14603172;10967948.03;multiple imputation
19;Spikevax;F;12-17;950567;479657.5864;multiple imputation
19;Spikevax;F;18-24;3161587;2103460.416;multiple imputation
19;Spikevax;F;25-29;2516971;2327150.813;multiple imputation
19;Spikevax;F;30-39;5320750;4463919.774;multiple imputation
19;Spikevax;F;40-49;5181195;4372071.165;multiple imputation
19;Spikevax;F;5-11;3125;3115.920379;multiple imputation
19;Spikevax;F;50-59;5448325;3600988.485;multiple imputation
19;Spikevax;F;60-69;3594402;2364642.724;multiple imputation
19;Spikevax;F;70-79;3086969;1983127.82;multiple imputation
19;Spikevax;F;80+;2166174;1212335.896;multiple imputation
19;Spikevax;M;12-17;966881;480148.919;multiple imputation
19;Spikevax;M;18-24;3090960;2092620.327;multiple imputation
19;Spikevax;M;25-29;2463725;2283284.347;multiple imputation
19;Spikevax;M;30-39;5217227;4380949.503;multiple imputation
19;Spikevax;M;40-49;4969811;4202549.727;multiple imputation
19;Spikevax;M;5-11;1265;1262.688695;multiple imputation
19;Spikevax;M;50-59;5632118;3689061.422;multiple imputation
19;Spikevax;M;60-69;3058415;2043431.083;multiple imputation
19;Spikevax;M;70-79;2615361;1823133.288;multiple imputation
19;Spikevax;M;80+;1541704;1151339.031;multiple imputation
19;Vaxzevria;F;10-19;236914;207517.1959;multiple imputation
19;Vaxzevria;F;20-29;1572522;1316663.887;multiple imputation
19;Vaxzevria;F;30-39;2725787;2305034.39;multiple imputation
19;Vaxzevria;F;40-49;3836198;2958996.81;multiple imputation
19;Vaxzevria;F;50-59;4841730;3138057.72;multiple imputation
19;Vaxzevria;F;60-69;13202028;8025253.024;multiple imputation
19;Vaxzevria;F;70-79;5288831;3310946.923;multiple imputation
19;Vaxzevria;F;80+;1047169;691276.3629;multiple imputation
19;Vaxzevria;M;10-19;190897;178659.4564;multiple imputation
19;Vaxzevria;M;20-29;935566;838643.4494;multiple imputation
19;Vaxzevria;M;30-39;1997633;1759173.152;multiple imputation
19;Vaxzevria;M;40-49;3081387;2571078.179;multiple imputation
19;Vaxzevria;M;50-59;4429205;3000212.53;multiple imputation
19;Vaxzevria;M;60-69;13240974;8005813.097;multiple imputation
19;Vaxzevria;M;70-79;5086136;3264607.48;multiple imputation
19;Vaxzevria;M;80+;885811;692611.7985;multiple imputation
20;Comirnaty;F;12-17;13779638;7067853.744;multiple imputation
20;Comirnaty;F;18-24;16987762;11765149.37;multiple imputation
20;Comirnaty;F;25-29;13291222;12430587.67;multiple imputation
20;Comirnaty;F;30-39;29528834;25404309.8;multiple imputation
20;Comirnaty;F;40-49;36876103;30301051.13;multiple imputation
20;Comirnaty;F;5-11;119131;119184.2166;multiple imputation
20;Comirnaty;F;50-59;36839586;24313937.31;multiple imputation
20;Comirnaty;F;60-69;26131926;17142694.88;multiple imputation
20;Comirnaty;F;70-79;27606207;18138696.33;multiple imputation
20;Comirnaty;F;80+;23873737;14520029.89;multiple imputation
20;Comirnaty;M;12-17;14230789;7069378.832;multiple imputation
20;Comirnaty;M;18-24;16360256;11617942.09;multiple imputation
20;Comirnaty;M;25-29;12200253;11460167.55;multiple imputation
20;Comirnaty;M;30-39;29470330;25302148.55;multiple imputation
20;Comirnaty;M;40-49;35234827;29229757.69;multiple imputation
20;Comirnaty;M;5-11;165261;165955.5809;multiple imputation
20;Comirnaty;M;50-59;36428742;24556692.68;multiple imputation
20;Comirnaty;M;60-69;23257672;16060475.53;multiple imputation
20;Comirnaty;M;70-79;23788025;16888181.7;multiple imputation
20;Comirnaty;M;80+;14891564;11272611.81;multiple imputation
20;Spikevax;F;12-17;934072;479437.2479;multiple imputation
20;Spikevax;F;18-24;3177557;2103680.965;multiple imputation
20;Spikevax;F;25-29;2439598;2257719.118;multiple imputation
20;Spikevax;F;30-39;5348238;4451204.231;multiple imputation
20;Spikevax;F;40-49;5201970;4348847.244;multiple imputation
20;Spikevax;F;5-11;7258;7344.209565;multiple imputation
20;Spikevax;F;50-59;5340582;3494198.417;multiple imputation
20;Spikevax;F;60-69;3506179;2266143.471;multiple imputation
20;Spikevax;F;70-79;3071688;1952246.083;multiple imputation
20;Spikevax;F;80+;2369833;1395008.73;multiple imputation
20;Spikevax;M;12-17;976625;479360.7366;multiple imputation
20;Spikevax;M;18-24;3000129;1994442.311;multiple imputation
20;Spikevax;M;25-29;2413628;2225634.026;multiple imputation
20;Spikevax;M;30-39;5207268;4377604.364;multiple imputation
20;Spikevax;M;40-49;5142150;4326866.643;multiple imputation
20;Spikevax;M;5-11;3141;3233.366892;multiple imputation
20;Spikevax;M;50-59;5563930;3614054.583;multiple imputation
20;Spikevax;M;60-69;3119780;2089204.932;multiple imputation
20;Spikevax;M;70-79;2592517;1793287.165;multiple imputation
20;Spikevax;M;80+;1570647;1170024.102;multiple imputation
20;Vaxzevria;F;10-19;245075;217624.9272;multiple imputation
20;Vaxzevria;F;20-29;1803450;1548188.654;multiple imputation
20;Vaxzevria;F;30-39;2743471;2326971.135;multiple imputation
20;Vaxzevria;F;40-49;3995242;3114718.906;multiple imputation
20;Vaxzevria;F;50-59;4847463;3141585.184;multiple imputation
20;Vaxzevria;F;60-69;13058594;7940399.307;multiple imputation
20;Vaxzevria;F;70-79;5289263;3305990.55;multiple imputation
20;Vaxzevria;F;80+;1169006;803404.2561;multiple imputation
20;Vaxzevria;M;10-19;155409;143109.9568;multiple imputation
20;Vaxzevria;M;20-29;990760;896638.6805;multiple imputation
20;Vaxzevria;M;30-39;2044401;1783284.689;multiple imputation
20;Vaxzevria;M;40-49;3019142;2479126.429;multiple imputation
20;Vaxzevria;M;50-59;4301064;2885417.284;multiple imputation
20;Vaxzevria;M;60-69;13057724;7899039.377;multiple imputation
20;Vaxzevria;M;70-79;5063005;3235893.55;multiple imputation
20;Vaxzevria;M;80+;815739;623871.9785;multiple imputation
1;Comirnaty;F;12-17;13243196;1;fixed proportion
1;Comirnaty;M;12-17;13748904;1;fixed proportion
1;Comirnaty;F;18-24;16006005;1;fixed proportion
1;Comirnaty;M;18-24;15222017;1;fixed proportion
1;Comirnaty;F;25-29;12589761;1;fixed proportion
1;Comirnaty;M;25-29;12315457;1;fixed proportion
1;Comirnaty;F;30-39;29742352;1;fixed proportion
1;Comirnaty;M;30-39;28909659;1;fixed proportion
1;Comirnaty;F;40-49;35982787;1;fixed proportion
1;Comirnaty;M;40-49;35001383;1;fixed proportion
1;Comirnaty;F;5-11;104083;1;fixed proportion
1;Comirnaty;M;5-11;110316;1;fixed proportion
1;Comirnaty;F;50-59;37743450;1;fixed proportion
1;Comirnaty;M;50-59;36560865;1;fixed proportion
1;Comirnaty;F;60-69;26410465;1;fixed proportion
1;Comirnaty;M;60-69;23651868;1;fixed proportion
1;Comirnaty;F;70-79;28859186;1;fixed proportion
1;Comirnaty;M;70-79;24614881;1;fixed proportion
1;Comirnaty;F;80+;24137397;1;fixed proportion
1;Comirnaty;M;80+;15019511;1;fixed proportion
1;Spikevax;F;12-17;1002159;1;fixed proportion
1;Spikevax;M;12-17;1055850;1;fixed proportion
1;Spikevax;F;18-24;3165681;1;fixed proportion
1;Spikevax;M;18-24;3073857;1;fixed proportion
1;Spikevax;F;25-29;2451820;1;fixed proportion
1;Spikevax;M;25-29;2391135;1;fixed proportion
1;Spikevax;F;30-39;5311917;1;fixed proportion
1;Spikevax;M;30-39;5184071;1;fixed proportion
1;Spikevax;F;40-49;5166444;1;fixed proportion
1;Spikevax;M;40-49;5120939;1;fixed proportion
1;Spikevax;F;5-11;3680;1;fixed proportion
1;Spikevax;M;5-11;3839;1;fixed proportion
1;Spikevax;F;50-59;5415672;1;fixed proportion
1;Spikevax;M;50-59;5534111;1;fixed proportion
1;Spikevax;F;60-69;3501660;1;fixed proportion
1;Spikevax;M;60-69;3209625;1;fixed proportion
1;Spikevax;F;70-79;3137415;1;fixed proportion
1;Spikevax;M;70-79;2657074;1;fixed proportion
1;Spikevax;F;80+;2285725;1;fixed proportion
1;Spikevax;M;80+;1458548;1;fixed proportion
1;Vaxzevria;F;10-19;265203;1;fixed proportion
1;Vaxzevria;M;10-19;167893;1;fixed proportion
1;Vaxzevria;F;20-29;1820304;1;fixed proportion
1;Vaxzevria;M;20-29;1141381;1;fixed proportion
1;Vaxzevria;F;30-39;2967110;1;fixed proportion
1;Vaxzevria;M;30-39;2439638;1;fixed proportion
1;Vaxzevria;F;40-49;4387887;1;fixed proportion
1;Vaxzevria;M;40-49;3438756;1;fixed proportion
1;Vaxzevria;F;50-59;4427485;1;fixed proportion
1;Vaxzevria;M;50-59;4060033;1;fixed proportion
1;Vaxzevria;F;60-69;13148236;1;fixed proportion
1;Vaxzevria;M;60-69;13269010;1;fixed proportion
1;Vaxzevria;F;70-79;4888007;1;fixed proportion
1;Vaxzevria;M;70-79;4692947;1;fixed proportion
1;Vaxzevria;F;80+;858951;1;fixed proportion
1;Vaxzevria;M;80+;625664;1;fixed proportion
